{"epoch": 13, "train_loss": 0.5362849831581116, "eval_loss": 0.6637537479400635, "eval_top1": 0.6451612903225806, "eval_spec": 0.6451612903225806, "eval_sens": NaN, "_timestamp": 1665549149.92684, "_runtime": 119.290030002594, "_step": 13, "_wandb": {"runtime": 121}}