{"epoch": 41, "train_loss": 0.5320469737052917, "eval_loss": 0.4928085505962372, "eval_top1": 0.7419354838709677, "eval_spec": 0.7307692307692307, "eval_sens": 0.8, "_timestamp": 1665548223.2785246, "_runtime": 20.308398723602295, "_step": 0, "_wandb": {"runtime": 27}}