{"epoch": 0, "train_loss": 0.7530986964702606, "eval_loss": 0.7419466376304626, "eval_top1": 0.2903225806451613, "eval_spec": 0.0, "eval_sens": 0.3103448275862069, "_timestamp": 1665549965.8083777, "_runtime": 13.055657625198364, "_step": 0}