{"epoch": 39, "train_loss": 0.4353381395339966, "eval_loss": 0.41995537281036377, "eval_top1": 0.8666666666666667, "eval_spec": 0.8333333333333334, "eval_sens": 1.0, "_timestamp": 1665548131.4804313, "_runtime": 333.8519082069397, "_step": 39}