{"epoch": 2, "train_loss": 0.6362583041191101, "eval_loss": 0.6570674180984497, "eval_top1": 0.6451612903225806, "eval_spec": 0.6451612903225806, "eval_sens": NaN, "_timestamp": 1665550193.69896, "_runtime": 19.84849214553833, "_step": 0}