{"epoch": 45, "train_loss": 0.4162115156650543, "eval_loss": 0.4202462434768677, "eval_top1": 0.7333333333333333, "eval_spec": 0.75, "eval_sens": 0.6666666666666666, "_timestamp": 1665547645.9130986, "_runtime": 378.2629384994507, "_step": 44}