{"epoch": 50, "train_loss": 0.4896463304758072, "eval_loss": 0.47406458854675293, "eval_top1": 0.7741935483870968, "eval_spec": 0.76, "eval_sens": 0.8333333333333334, "_timestamp": 1665549841.190625, "_runtime": 422.45747804641724, "_step": 50, "_wandb": {"runtime": 421}}