{"epoch": 13, "train_loss": 0.500271737575531, "eval_loss": 0.6637537479400635, "eval_top1": 0.6666666666666666, "eval_spec": 0.6666666666666666, "eval_sens": NaN, "_timestamp": 1665549149.9169261, "_runtime": 119.5003252029419, "_step": 13, "_wandb": {"runtime": 122}}