{"epoch": 45, "train_loss": 0.4591166079044342, "eval_loss": 0.4202462434768677, "eval_top1": 0.8064516129032258, "eval_spec": 0.7916666666666666, "eval_sens": 0.8571428571428571, "_timestamp": 1665547645.942662, "_runtime": 378.3450860977173, "_step": 44}