{"epoch": 49, "train_loss": 0.4150145947933197, "eval_loss": 0.4135940670967102, "eval_top1": 0.8709677419354839, "eval_spec": 0.9, "eval_sens": 0.8181818181818182, "_timestamp": 1665549833.015076, "_runtime": 414.23330783843994, "_step": 49, "_wandb": {"runtime": 421}}