{"epoch": 45, "train_loss": 0.4499797821044922, "eval_loss": 0.4202462434768677, "eval_top1": 0.8333333333333334, "eval_spec": 0.8260869565217391, "eval_sens": 0.8571428571428571, "_timestamp": 1665547645.9288843, "_runtime": 378.3328342437744, "_step": 44}