{"epoch": 1, "train_loss": 0.7375652194023132, "eval_loss": 0.6900747418403625, "eval_top1": 0.6451612903225806, "eval_spec": 0.6551724137931034, "eval_sens": 0.5, "_timestamp": 1665550055.1321964, "_runtime": 19.422130346298218, "_step": 0}