{"epoch": 49, "train_loss": 0.4775404632091522, "eval_loss": 0.4135940670967102, "eval_top1": 0.9, "eval_spec": 0.9473684210526315, "eval_sens": 0.8181818181818182, "_timestamp": 1665549833.0065477, "_runtime": 414.26311564445496, "_step": 49, "_wandb": {"runtime": 421}}