{"epoch": 41, "train_loss": 0.41199055314064026, "eval_loss": 0.4928085505962372, "eval_top1": 0.7096774193548387, "eval_spec": 0.7037037037037037, "eval_sens": 0.75, "_timestamp": 1665548223.2634401, "_runtime": 20.205348014831543, "_step": 0}