{"epoch": 10, "train_loss": 0.5125117003917694, "eval_loss": 0.7894555926322937, "eval_top1": 0.6451612903225806, "eval_spec": 0.6451612903225806, "eval_sens": NaN, "_timestamp": 1665546873.084468, "_runtime": 59.35927677154541, "_step": 5, "_wandb": {"runtime": 62}}