{"epoch": 45, "train_loss": 0.41347062587738037, "eval_loss": 0.4202462434768677, "eval_top1": 0.8387096774193549, "eval_spec": 0.8260869565217391, "eval_sens": 0.875, "_timestamp": 1665547645.9232578, "_runtime": 378.172789812088, "_step": 44, "_wandb": {"runtime": 384}}