{"epoch": 39, "train_loss": 0.42914077639579773, "eval_loss": 0.41995537281036377, "eval_top1": 0.8064516129032258, "eval_spec": 0.7916666666666666, "eval_sens": 0.8571428571428571, "_timestamp": 1665548131.457621, "_runtime": 333.83615612983704, "_step": 39}