{"epoch": 39, "train_loss": 0.4631013870239258, "eval_loss": 0.41995537281036377, "eval_top1": 0.8, "eval_spec": 0.7916666666666666, "eval_sens": 0.8333333333333334, "_timestamp": 1665548131.4786227, "_runtime": 333.7775967121124, "_step": 39, "_wandb": {"runtime": 341}}