{"epoch": 41, "train_loss": 0.4749443084001541, "eval_loss": 0.4928085505962372, "eval_top1": 0.7666666666666667, "eval_spec": 0.76, "eval_sens": 0.8, "_timestamp": 1665548223.2814434, "_runtime": 20.375556468963623, "_step": 0}