{"epoch": 39, "train_loss": 0.4715440273284912, "eval_loss": 0.41995537281036377, "eval_top1": 0.8387096774193549, "eval_spec": 0.8260869565217391, "eval_sens": 0.875, "_timestamp": 1665548131.4615154, "_runtime": 333.8567383289337, "_step": 39, "_wandb": {"runtime": 341}}