{"epoch": 299, "train_loss": 0.403611496090889, "eval_loss": 0.4173181354999542, "eval_top1": 0.8064516129032258, "eval_spec": 0.7692307692307693, "eval_sens": 1.0, "_timestamp": 1665552960.0094285, "_runtime": 2482.474764585495, "_step": 299, "_wandb": {"runtime": 2481}}