{"epoch": 41, "train_loss": 0.4792098253965378, "eval_loss": 0.4928085505962372, "eval_top1": 0.8333333333333334, "eval_spec": 0.8, "eval_sens": 1.0, "_timestamp": 1665548223.226847, "_runtime": 20.125298023223877, "_step": 0}